month;quarter;year;city;female1;female2;female3;female4;female5;female6;female7;female8;totalfemale;male1;male2;male3;male4;male5;male6;male7;male8;totalmale;totalcitypop
jun-15;2;2015;Andkær;4;7;22;12;30;65;11;2;153;3;6;32;17;25;65;17;5;170;323
jun-15;2;2015;Assendrup;;;9;7;9;28;16;2;71;;;17;12;12;28;17;4;90;161
jun-15;2;2015;Bredal;14;15;58;11;59;110;33;7;307;8;22;71;21;50;119;26;5;322;629
jun-15;2;2015;Bredsten;21;33;152;52;110;289;115;58;830;20;26;171;69;94;292;112;35;819;1649
jun-15;2;2015;Brejning/Kellers Park;39;39;203;97;204;522;207;45;1356;39;60;236;109;175;522;218;32;1391;2747
jun-15;2;2015;Børkop;91;119;448;174;472;820;390;114;2628;127;165;490;162;436;770;330;81;2561;5189
jun-15;2;2015;Egtved;28;31;137;66;165;363;225;141;1156;24;36;162;78;171;388;202;75;1136;2292
jun-15;2;2015;Engum;1;;6;5;6;23;4;3;48;2;2;11;8;7;24;5;2;61;109
jun-15;2;2015;Gadbjerg;17;17;57;18;58;116;47;25;355;16;9;45;19;75;126;56;17;363;718
jun-15;2;2015;Give;66;81;283;178;328;763;451;192;2342;62;71;315;197;329;716;376;123;2189;4531
jun-15;2;2015;Givskud;12;14;35;30;44;99;53;18;305;14;9;45;23;58;107;54;13;323;628
jun-15;2;2015;Gl. Højen;1;2;6;3;7;13;5;;37;1;2;6;2;10;10;6;1;38;75
jun-15;2;2015;Gravens/Ågård;22;19;86;45;84;233;94;36;619;15;25;131;63;85;244;92;24;679;1298
jun-15;2;2015;Grejs;21;23;105;41;66;182;83;13;534;20;26;107;39;68;169;66;13;508;1042
jun-15;2;2015;Gårslev;20;15;79;47;84;187;93;21;546;12;34;89;40;74;190;99;15;553;1099
jun-15;2;2015;Hornstrup Mølleby;1;;4;3;9;15;8;1;41;3;2;7;4;5;20;8;;49;90
jun-15;2;2015;Jelling;42;50;283;174;250;549;268;123;1739;46;66;277;184;206;575;224;70;1648;3387
jun-15;2;2015;Jerlev;14;13;58;24;58;119;54;10;350;14;17;41;32;61;116;57;5;343;693
jun-15;2;2015;Kirkeby;2;1;8;2;9;22;10;1;55;2;2;8;4;10;22;12;;60;115
jun-15;2;2015;Langelund-Grønbjerg;3;7;21;13;22;60;20;;146;4;5;21;16;29;66;25;3;169;315
jun-15;2;2015;Nr. Vilstrup;2;7;21;8;19;41;29;3;130;5;3;15;5;16;44;24;2;114;244
jun-15;2;2015;Ny Højen;6;10;60;23;53;121;52;15;340;14;20;51;37;53;110;62;7;354;694
jun-15;2;2015;Nørup;4;13;54;27;48;108;58;15;327;17;13;46;35;50;104;55;9;329;656
jun-15;2;2015;Skibet;38;44;209;78;151;374;153;14;1061;24;53;216;78;122;352;147;16;1008;2069
jun-15;2;2015;Skærup;9;12;34;21;39;98;41;4;258;15;9;24;22;39;91;46;1;247;505
jun-15;2;2015;Smidstrup;6;18;65;23;67;121;37;36;373;8;19;73;29;65;129;37;17;377;750
jun-15;2;2015;Thyregod;20;26;108;64;121;210;84;34;667;29;26;99;60;135;225;88;20;682;1349
jun-15;2;2015;Vandel;11;15;57;34;65;130;47;19;378;15;10;50;37;71;137;57;12;389;767
jun-15;2;2015;Vejle;803;937;3355;2943;4980;8948;4124;1558;27648;927;963;3471;2974;5262;8554;3498;890;26539;54187
jun-15;2;2015;Vonge;10;5;50;30;48;100;45;10;298;9;7;32;32;54;118;40;6;298;596
jun-15;2;2015;Ødsted;23;29;116;43;128;239;102;28;708;30;39;118;51;110;254;96;18;716;1424
sep-15;3;2015;Andkær;4;4;24;12;29;66;11;2;152;3;5;31;17;24;66;17;5;168;320
sep-15;3;2015;Assendrup;1;;8;7;9;28;16;2;71;;;17;12;11;27;18;4;89;160
sep-15;3;2015;Bredal;14;14;62;10;59;110;32;8;309;5;25;67;21;49;118;25;5;315;624
sep-15;3;2015;Bredsten;23;32;153;51;112;291;117;58;837;20;27;179;63;97;292;115;35;828;1665
sep-15;3;2015;Brejning/Kellers Park;43;39;204;95;203;524;213;44;1.365;35;61;235;97;183;524;217;32;1.384;2.749
sep-15;3;2015;Børkop;104;117;454;167;475;839;390;116;2.662;127;166;501;166;449;784;328;83;2.604;5.266
sep-15;3;2015;Egtved;33;31;139;62;170;359;229;140;1.163;23;42;156;80;171;381;204;75;1.132;2.295
sep-15;3;2015;Engum;1;;5;5;7;23;4;3;48;3;1;12;9;7;23;5;2;62;110
sep-15;3;2015;Gadbjerg;20;15;59;18;55;116;48;24;355;18;10;44;20;73;127;57;19;368;723
sep-15;3;2015;Give;59;87;274;166;330;755;455;192;2.318;64;69;311;191;326;706;381;123;2.171;4.489
sep-15;3;2015;Givskud;10;16;34;30;44;97;52;19;302;17;9;43;21;59;106;54;12;321;623
sep-15;3;2015;Gl. Højen;1;2;6;3;7;12;6;;37;1;2;6;1;10;9;7;1;37;74
sep-15;3;2015;Gravens/Ågård;15;23;91;42;86;231;95;38;621;12;25;130;65;90;251;93;24;690;1311
sep-15;3;2015;Grejs;22;21;105;42;72;179;83;14;538;18;26;111;43;67;169;68;14;516;1054
sep-15;3;2015;Gårslev;20;15;75;41;80;188;93;19;531;15;34;85;39;71;192;100;15;551;1082
sep-15;3;2015;Hornstrup Mølleby;1;;5;3;9;15;8;1;42;3;2;7;3;4;21;8;;48;90
sep-15;3;2015;Jelling;45;48;284;169;255;548;263;127;1.739;48;65;275;183;205;569;226;72;1.643;3.382
sep-15;3;2015;Jerlev;11;17;56;23;55;117;53;10;342;12;18;41;31;58;115;58;5;338;680
sep-15;3;2015;Kirkeby;1;2;10;1;9;23;10;1;57;1;3;8;3;8;25;12;;60;117
sep-15;3;2015;Langelund-Grønbjerg;4;7;20;11;21;59;19;;141;4;5;21;16;31;65;24;4;170;311
sep-15;3;2015;Nr. Vilstrup;2;7;21;5;20;42;28;3;128;5;3;15;5;18;45;24;3;118;246
sep-15;3;2015;Ny Højen;6;10;60;25;52;119;52;15;339;13;20;51;37;50;111;61;7;350;689
sep-15;3;2015;Nørup;6;13;55;28;52;106;56;17;333;18;16;47;34;59;107;56;8;345;678
sep-15;3;2015;Skibet;32;46;204;76;153;375;151;17;1.054;25;50;217;78;118;351;152;17;1.008;2.062
sep-15;3;2015;Skærup;9;10;36;20;40;95;44;3;257;12;11;25;18;41;88;47;1;243;500
sep-15;3;2015;Smidstrup;8;14;66;23;66;121;36;38;372;11;15;75;28;65;129;39;17;379;751
sep-15;3;2015;Thyregod;19;26;107;58;120;207;83;33;653;28;26;98;58;135;225;90;19;679;1332
sep-15;3;2015;Vandel;10;17;61;26;69;129;48;19;379;17;12;54;32;70;140;55;12;392;771
sep-15;3;2015;Vejle;803;947;3.348;2.942;5.022;8.983;4.145;1.56;27.75;899;958;3.507;3.017;5.311;8.578;3.52;898;26.688;54.438
sep-15;3;2015;Vonge;9;6;47;31;51;100;43;12;299;9;6;30;29;57;115;40;7;293;592
sep-15;3;2015;Ødsted;21;29;117;47;123;241;102;28;708;28;37;119;56;109;258;96;18;721;1429
sep-15;3;2015;Landområde;297;380;1.584;829;1.507;3.781;1.206;241;9.825;312;381;1.594;1.072;1.624;4.26;1.438;282;10.963;20.788
dec-15;4;2015;Andkær;4;3;23;13;28;64;12;2;149;4;4;30;15;24;66;17;3;163;312
dec-15;4;2015;Assendrup;1;;7;7;10;29;15;2;71;;;17;11;11;28;18;4;89;160
dec-15;4;2015;Bredal;11;15;62;10;57;110;33;8;306;6;25;65;23;47;118;27;4;315;621
dec-15;4;2015;Bredsten;25;28;156;46;112;290;113;58;828;19;26;172;66;102;293;116;34;828;1656
dec-15;4;2015;Brejning/Kellers Park;41;42;208;94;202;529;213;41;1.37;38;60;235;96;186;528;220;33;1.396;2.766
dec-15;4;2015;Børkop;95;121;452;170;459;842;404;115;2.658;124;166;509;175;442;794;333;83;2.626;5.284
dec-15;4;2015;Egtved;31;33;139;61;172;360;227;140;1.163;22;43;155;84;169;379;208;76;1.136;2.299
dec-15;4;2015;Engum;1;;5;4;7;23;3;4;47;3;1;11;9;6;23;5;2;60;107
dec-15;4;2015;Gadbjerg;20;12;60;15;56;116;48;24;351;20;12;43;19;76;130;59;20;379;730
dec-15;4;2015;Give;57;83;274;172;325;757;460;192;2.32;62;70;301;192;323;705;383;123;2.159;4.479
dec-15;4;2015;Givskud;10;13;30;30;43;97;53;19;295;17;8;42;21;60;105;52;13;318;613
dec-15;4;2015;Gl. Højen;3;2;7;5;7;11;7;;42;1;3;6;1;9;10;7;1;38;80
dec-15;4;2015;Gravens/Ågård;13;23;95;42;87;233;98;39;630;14;21;135;59;91;253;96;22;691;1321
dec-15;4;2015;Grejs;20;19;102;41;73;180;83;14;532;17;25;111;42;66;168;68;15;512;1044
dec-15;4;2015;Gårslev;22;14;78;44;80;193;93;17;541;14;29;91;36;74;190;103;14;551;1092
dec-15;4;2015;Hornstrup Mølleby;1;;4;3;7;17;8;1;41;2;2;7;4;4;21;6;;46;87
dec-15;4;2015;Jelling;46;52;288;169;259;548;266;127;1.755;48;69;276;176;211;570;228;71;1.649;3.404
dec-15;4;2015;Jerlev;11;17;55;24;52;120;52;11;342;11;16;42;31;58;119;56;6;339;681
dec-15;4;2015;Kirkeby;1;2;10;1;11;22;11;1;59;1;2;9;4;7;25;12;1;61;120
dec-15;4;2015;Langelund-Grønbjerg;4;8;19;9;23;59;19;;141;5;6;20;16;32;64;25;4;172;313
dec-15;4;2015;Nr. Vilstrup;4;5;23;7;20;42;29;3;133;5;3;14;5;18;46;23;5;119;252
dec-15;4;2015;Ny Højen;5;10;60;23;47;116;55;14;330;10;20;53;36;51;111;60;6;347;677
dec-15;4;2015;Nørup;4;14;50;29;52;108;55;18;330;16;17;46;30;56;105;56;9;335;665
dec-15;4;2015;Skibet;31;45;201;80;151;372;149;18;1.047;26;49;216;81;118;353;152;15;1.01;2.057
dec-15;4;2015;Skærup;10;9;37;20;40;94;44;3;257;9;8;26;19;42;87;49;1;241;498
dec-15;4;2015;Smidstrup;6;14;65;24;70;122;34;37;372;10;16;74;27;67;126;40;15;375;747
dec-15;4;2015;Thyregod;18;29;102;59;112;208;83;34;645;21;28;99;58;131;226;93;18;674;1319
dec-15;4;2015;Vandel;8;18;57;30;66;130;47;20;376;18;12;55;31;69;145;55;12;397;773
dec-15;4;2015;Vejle;815;938;3.353;2.968;5.042;8.998;4.138;1.571;27.823;896;947;3.538;3.034;5.361;8.571;3.533;896;26.776;54.599
dec-15;4;2015;Vonge;12;6;44;33;49;104;42;12;302;11;5;30;28;63;115;42;7;301;603
dec-15;4;2015;Ødsted;20;30;114;52;121;240;102;29;708;24;36;115;62;108;254;93;20;712;1420
mar-16;1;2016;Andkær;5;3;22;12;28;65;11;2;148;2;6;28;15;25;66;17;3;162;310
mar-16;1;2016;Assendrup;1;;7;6;10;29;15;2;70;1;;17;11;12;28;18;4;91;161
mar-16;1;2016;Bredal;13;15;61;10;55;113;33;8;308;4;24;65;22;45;118;29;4;311;619
mar-16;1;2016;Bredsten;24;27;153;53;110;291;113;62;833;20;26;169;71;99;295;114;35;829;1662
mar-16;1;2016;Brejning/Kellers Park;37;41;208;90;193;527;213;40;1.349;36;59;232;102;178;524;220;37;1.388;2.737
mar-16;1;2016;Børkop;99;115;452;177;469;842;409;117;2.68;120;163;509;187;441;807;334;82;2.643;5.323
mar-16;1;2016;Egtved;32;31;137;61;172;358;226;141;1.158;22;44;155;89;168;375;211;73;1.137;2.295
mar-16;1;2016;Engum;1;;7;6;6;24;3;4;51;2;1;11;11;5;24;6;1;61;112
mar-16;1;2016;Gadbjerg;18;13;60;19;53;117;49;23;352;21;13;41;18;76;127;60;20;376;728
mar-16;1;2016;Give;57;80;277;161;322;763;452;199;2.311;60;68;288;204;323;701;380;124;2.148;4.459
mar-16;1;2016;Givskud;11;13;30;31;45;93;53;21;297;18;12;41;19;62;106;52;14;324;621
mar-16;1;2016;Gl. Højen;3;2;6;5;7;11;7;;41;1;2;5;1;8;11;7;1;36;77
mar-16;1;2016;Gravens/Ågård;12;22;101;43;91;230;97;41;637;14;19;129;58;86;249;94;23;672;1309
mar-16;1;2016;Grejs;20;21;104;40;73;181;79;16;534;16;23;117;46;70;170;67;16;525;1059
mar-16;1;2016;Gårslev;20;17;77;41;79;189;93;18;534;14;25;98;33;76;192;100;14;552;1086
mar-16;1;2016;Hornstrup Mølleby;1;;4;3;7;17;8;1;41;2;2;7;4;4;21;6;;46;87
mar-16;1;2016;Jelling;46;52;285;165;254;562;262;130;1.756;47;62;289;178;205;574;225;69;1.649;3.405
mar-16;1;2016;Jerlev;11;15;56;25;48;122;53;10;340;15;13;44;30;57;121;57;6;343;683
mar-16;1;2016;Kirkeby;1;2;10;1;9;23;11;1;58;1;2;9;4;6;26;12;1;61;119
mar-16;1;2016;Langelund-Grønbjerg;4;5;20;10;22;59;17;1;138;3;8;18;17;33;64;25;3;171;309
mar-16;1;2016;Nr. Vilstrup;4;4;23;7;21;42;28;4;133;6;3;14;6;19;46;23;4;121;254
mar-16;1;2016;Ny Højen;6;10;60;21;49;115;56;12;329;9;20;51;38;49;111;61;6;345;674
mar-16;1;2016;Nørup;4;14;50;27;54;105;55;19;328;12;21;42;33;54;103;58;9;332;660
mar-16;1;2016;Skibet;34;40;202;79;146;375;152;18;1.046;28;51;214;82;116;355;150;18;1.014;2.06
mar-16;1;2016;Skærup;8;10;38;19;41;95;45;3;259;10;7;29;18;41;90;49;1;245;504
mar-16;1;2016;Smidstrup;8;12;66;25;73;124;36;35;379;12;18;76;24;68;129;40;16;383;762
mar-16;1;2016;Thyregod;18;31;100;58;115;209;83;32;646;19;25;101;55;134;226;93;21;674;1320
mar-16;1;2016;Vandel;9;19;58;31;65;129;49;19;379;15;14;55;31;71;142;55;12;395;774
mar-16;1;2016;Vejle;839;903;3.388;2.97;5.081;8.96;4.164;1.58;27.885;898;955;3.541;3.056;5.404;8.579;3.557;902;26.892;54.777
mar-16;1;2016;Vonge;12;5;44;28;49;105;43;11;297;9;8;29;27;63;113;43;6;298;595
mar-16;1;2016;Ødsted;21;27;117;54;123;244;105;26;717;28;35;119;58;114;256;90;20;720;1437
mar-16;1;2016;Landområde;328;366;1.586;890;1.562;3.829;1.24;244;10.045;315;382;1.579;1.096;1.677;4.315;1.47;290;11.124;21.169
jun-16;2;2016;Andkær;5;3;21;14;28;64;11;2;148;3;6;30;16;24;68;18;3;168;316
jun-16;2;2016;Assendrup;1;;7;6;11;29;15;2;71;2;;17;11;12;29;17;4;92;163
jun-16;2;2016;Bredal;12;16;62;8;56;113;33;7;307;4;19;68;22;46;119;29;4;311;618
jun-16;2;2016;Bredsten;25;21;161;53;109;295;115;61;840;17;26;168;71;93;295;113;38;821;1661
jun-16;2;2016;Brejning/Kellers Park;45;49;211;105;217;540;228;41;1.436;36;59;243;110;206;560;238;40;1.492;2.928
jun-16;2;2016;Børkop;101;112;465;168;469;851;413;118;2.697;113;168;508;192;430;816;337;85;2.649;5.346
jun-16;2;2016;Egtved;32;29;143;64;168;359;232;148;1.175;21;44;153;86;172;380;212;76;1.144;2.319
jun-16;2;2016;Engum;1;;7;6;6;23;3;3;49;2;1;10;12;6;24;6;1;62;111
jun-16;2;2016;Gadbjerg;18;12;63;19;53;117;50;22;354;17;15;43;20;76;126;62;21;380;734
jun-16;2;2016;Give;61;74;280;164;318;755;465;198;2.315;59;64;293;215;315;709;381;125;2.161;4.476
jun-16;2;2016;Givskud;10;13;30;35;45;93;53;20;299;16;12;42;20;58;109;53;14;324;623
jun-16;2;2016;Gl. Højen;3;2;6;4;7;11;7;;40;1;2;5;1;7;11;7;1;35;75
jun-16;2;2016;Gravens/Ågård;17;20;94;46;87;235;98;41;638;14;21;131;55;89;250;98;23;681;1319
jun-16;2;2016;Grejs;17;23;103;43;72;178;82;16;534;17;23;114;47;70;170;65;16;522;1056
jun-16;2;2016;Gårslev;18;16;78;44;79;190;93;18;536;14;25;98;36;73;190;99;15;550;1086
jun-16;2;2016;Hornstrup Mølleby;1;;4;3;8;17;7;2;42;4;3;7;4;4;21;6;;49;91
jun-16;2;2016;Jelling;51;56;284;167;262;566;259;128;1.773;51;63;294;177;207;576;223;72;1.663;3.436
jun-16;2;2016;Jerlev;9;15;55;27;47;124;56;10;343;13;16;42;34;55;121;56;7;344;687
jun-16;2;2016;Kirkeby;1;3;10;1;9;24;11;1;60;1;2;9;4;6;27;13;1;63;123
jun-16;2;2016;Langelund-Grønbjerg;4;4;19;11;23;59;17;;137;3;7;20;16;32;68;25;2;173;310
jun-16;2;2016;Nr. Vilstrup;3;3;21;9;21;41;26;5;129;6;3;12;7;17;50;24;4;123;252
jun-16;2;2016;Ny Højen;8;8;60;24;45;118;54;13;330;9;20;49;38;48;115;61;5;345;675
jun-16;2;2016;Nørup;4;17;50;28;54;109;54;20;336;13;20;41;38;56;104;60;9;341;677
jun-16;2;2016;Skibet;34;43;197;80;145;377;153;20;1.049;28;43;227;82;120;359;149;18;1.026;2.075
jun-16;2;2016;Skærup;11;9;36;16;42;93;46;3;256;10;7;30;16;38;91;52;1;245;501
jun-16;2;2016;Smidstrup;8;12;68;25;74;128;35;37;387;15;17;77;24;76;130;42;14;395;782
jun-16;2;2016;Thyregod;18;33;105;60;114;217;83;30;660;21;26;101;53;140;226;92;24;683;1343
jun-16;2;2016;Vandel;9;15;61;27;66;131;50;19;378;12;15;55;32;71;141;59;12;397;775
jun-16;2;2016;Vejle;873;902;3.407;2.995;5.194;9.05;4.182;1.589;28.192;967;961;3.55;3.078;5.488;8.665;3.579;918;27.206;55.398
jun-16;2;2016;Vonge;11;6;43;24;51;102;43;12;292;10;6;26;30;62;112;42;7;295;587
jun-16;2;2016;Ødsted;24;25;116;59;128;247;106;26;731;29;35;120;60;120;253;93;21;731;1462
jun-16;2;2016;Landområde;302;322;1.561;869;1.431;3.747;1.218;249;9.699;273;364;1.541;1.089;1.569;4.228;1.439;290;10.793;20.492
sep-16;3;2016;Andkær;3;4;21;13;28;65;11;2;147;5;5;32;13;25;67;19;3;169;316
sep-16;3;2016;Assendrup;2;;5;8;11;30;14;2;72;2;;17;16;15;28;17;4;99;171
sep-16;3;2016;Bredal;16;14;63;9;58;111;33;8;312;4;17;70;24;48;122;27;4;316;628
sep-16;3;2016;Bredsten;25;19;165;51;112;290;116;61;839;12;29;170;72;92;298;114;37;824;1663
sep-16;3;2016;Brejning/Kellers Park;43;44;210;113;219;537;228;42;1.436;43;56;247;110;199;550;242;40;1.487;2.923
sep-16;3;2016;Børkop;108;103;476;169;479;861;414;119;2.729;118;160;513;194;422;827;338;82;2.654;5.383
sep-16;3;2016;Egtved;36;23;145;62;165;358;234;151;1.174;26;39;153;83;172;378;215;80;1.146;2.32
sep-16;3;2016;Engum;1;;7;6;6;23;3;3;49;2;;11;13;6;24;6;1;63;112
sep-16;3;2016;Gadbjerg;21;13;65;17;53;118;51;23;361;14;17;43;24;74;128;63;21;384;745
sep-16;3;2016;Give;55;73;277;161;323;755;466;202;2.312;68;66;291;221;317;716;379;126;2.184;4.496
sep-16;3;2016;Givskud;8;14;29;31;44;95;52;20;293;12;12;41;24;53;106;55;14;317;610
sep-16;3;2016;Gl. Højen;3;2;5;4;7;10;7;;38;1;1;5;1;6;11;7;1;33;71
sep-16;3;2016;Gravens/Ågård;17;15;94;46;86;233;94;42;627;12;22;135;57;91;250;100;22;689;1316
sep-16;3;2016;Grejs;16;21;100;44;76;176;81;15;529;17;20;115;49;71;171;65;17;525;1054
sep-16;3;2016;Gårslev;18;18;74;46;83;192;93;20;544;16;25;97;33;77;190;100;16;554;1098
sep-16;3;2016;Hornstrup Mølleby;1;;4;3;8;18;7;2;43;3;4;8;4;5;21;6;;51;94
sep-16;3;2016;Jelling;50;58;278;161;255;566;265;127;1.76;50;65;286;171;207;573;224;68;1.644;3.404
sep-16;3;2016;Jerlev;12;12;57;26;48;123;57;10;345;12;15;45;35;52;122;56;7;344;689
sep-16;3;2016;Kirkeby;1;2;10;1;9;23;11;1;58;2;2;8;3;6;26;12;1;60;118
sep-16;3;2016;Langelund-Grønbjerg;4;4;19;11;21;57;19;;135;3;4;21;16;32;66;24;2;168;303
sep-16;3;2016;Nr. Vilstrup;3;3;22;11;19;42;25;6;131;5;3;13;7;17;48;24;3;120;251
sep-16;3;2016;Ny Højen;8;9;60;20;44;122;53;13;329;9;15;53;34;47;117;61;5;341;670
sep-16;3;2016;Nørup;4;16;49;31;54;114;54;21;343;10;20;44;33;58;104;62;9;340;683
sep-16;3;2016;Skibet;31;44;197;79;144;378;157;20;1.05;28;41;226;78;120;362;149;19;1.023;2.073
sep-16;3;2016;Skærup;11;11;35;19;41;91;46;3;257;10;7;31;17;37;90;53;1;246;503
sep-16;3;2016;Smidstrup;7;13;67;27;72;128;34;39;387;17;13;79;27;78;136;41;14;405;792
sep-16;3;2016;Thyregod;21;31;104;58;117;215;84;32;662;20;26;105;54;139;225;90;24;683;1345
sep-16;3;2016;Vandel;10;17;61;26;66;132;51;19;382;15;15;57;34;71;143;59;13;407;789
sep-16;3;2016;Vejle;883;884;3.452;2.99;5.247;9.075;4.211;1.605;28.347;988;965;3.578;3.087;5.528;8.706;3.598;943;27.393;55.74
sep-16;3;2016;Vonge;12;9;43;25;52;101;42;13;297;11;6;25;28;64;111;44;6;295;592
sep-16;3;2016;Ødsted;24;25;112;57;128;243;106;26;721;27;40;117;64;113;259;94;20;734;1455
sep-16;3;2016;Landområde;298;319;1.564;839;1.453;3.752;1.228;244;9.697;290;364;1.516;1.075;1.6;4.248;1.437;293;10.823;20.52
mar-17;1;2017;Andkær;5;5;21;7;30;64;12;2;146;6;5;32;10;27;67;19;3;169;315
mar-17;1;2017;Bredal;16;15;66;14;58;109;33;8;319;5;15;70;27;47;130;27;3;324;643
mar-17;1;2017;Bredsten;28;20;156;53;119;280;118;63;837;10;29;167;74;95;282;122;34;813;1650
mar-17;1;2017;Brejning;44;43;203;116;218;542;226;43;1435;59;51;242;121;208;538;246;41;1506;2941
mar-17;1;2017;Børkop;107;102;471;182;477;874;411;128;2752;116;158;512;191;431;846;337;87;2678;5430
mar-17;1;2017;Egtved;37;24;143;64;162;362;232;147;1171;29;40;157;86;164;388;213;76;1153;2324
mar-17;1;2017;Gadbjerg;18;17;68;21;52;125;50;26;377;20;16;52;28;76;134;64;21;411;788
mar-17;1;2017;Give;55;72;288;166;336;772;477;248;2414;76;65;297;219;332;731;384;152;2256;4670
mar-17;1;2017;Givskud;8;12;31;29;46;94;49;19;288;13;15;39;23;58;110;52;15;325;613
mar-17;1;2017;Gravens/Ågård;16;18;94;47;80;235;96;43;629;11;20;133;63;89;238;103;21;678;1307
mar-17;1;2017;Grejs;15;22;96;43;78;185;80;17;536;19;23;114;48;73;174;65;17;533;1069
mar-17;1;2017;Gårslev;14;21;71;40;77;185;93;24;525;18;22;92;33;80;184;103;18;550;1075
mar-17;1;2017;Jelling;42;59;285;165;259;584;276;123;1793;50;59;303;185;213;583;224;77;1694;3487
mar-17;1;2017;Jerlev;12;10;56;25;47;123;59;9;341;16;17;46;28;54;121;58;7;347;688
mar-17;1;2017;Landområde;298;327;1581;894;1452;3885;1288;202;9927;302;365;1553;1076;1548;4318;1519;288;10969;20896
mar-17;1;2017;Ny Højen;11;9;60;22;48;123;56;12;341;10;18;50;41;50;116;65;6;356;697
mar-17;1;2017;Nørup;5;14;54;33;58;123;54;23;364;11;18;51;33;70;111;70;7;371;735
mar-17;1;2017;Skibet;35;36;204;79;140;381;155;23;1053;30;33;225;81;123;360;141;25;1018;2071
mar-17;1;2017;Skærup;9;11;35;19;40;93;46;3;256;10;7;31;16;39;93;50;1;247;503
mar-17;1;2017;Smidstrup;10;13;64;26;73;125;37;37;385;17;8;81;26;76;146;42;14;410;795
mar-17;1;2017;Thyregod;23;26;103;54;110;214;92;42;664;23;27;103;59;131;238;87;30;698;1362
mar-17;1;2017;Vandel;10;14;60;37;63;134;53;16;387;16;13;56;31;73;139;60;13;401;788
mar-17;1;2017;Vejle;936;883;3482;3020;5300;9099;4243;1617;28580;995;951;3613;3111;5569;8766;3636;944;27585;56165
mar-17;1;2017;Vonge;13;8;42;26;54;99;39;15;296;12;7;29;29;66;114;42;7;306;602
mar-17;1;2017;Ødsted;23;28;114;50;128;242;110;26;721;28;39;119;62;112;255;99;20;734;1455
jun-17;2;2017;Andkær;6;4;21;7;31;62;13;3;147;6;5;28;10;25;65;20;3;162;309
jun-17;2;2017;Bredal;13;15;61;17;55;109;33;8;311;5;14;68;32;45;128;26;2;320;631
jun-17;2;2017;Bredsten;28;17;152;57;109;283;119;64;829;10;28;159;75;92;284;122;35;805;1634
jun-17;2;2017;Brejning;40;45;200;118;213;546;226;43;1431;56;55;238;124;212;534;245;40;1504;2935
jun-17;2;2017;Børkop;112;111;461;188;490;871;412;129;2774;113;159;525;194;427;846;337;94;2695;5469
jun-17;2;2017;Egtved;39;28;142;69;163;365;230;148;1184;32;41;158;100;168;393;208;80;1180;2364
jun-17;2;2017;Gadbjerg;19;16;69;27;53;125;49;25;383;21;14;52;31;78;133;64;22;415;798
jun-17;2;2017;Give;62;68;285;174;322;788;476;244;2419;75;67;291;224;338;730;393;151;2269;4688
jun-17;2;2017;Givskud;8;13;32;28;49;94;48;19;291;14;15;40;22;59;111;52;15;328;619
jun-17;2;2017;Gravens/Ågård;16;19;97;48;76;238;96;43;633;16;17;133;62;84;241;101;22;676;1309
jun-17;2;2017;Grejs;15;24;95;43;82;181;80;17;537;20;22;116;51;73;174;64;18;538;1075
jun-17;2;2017;Gårslev;15;18;73;36;79;178;96;24;519;16;22;91;36;81;182;101;19;548;1067
jun-17;2;2017;Jelling;41;58;287;177;250;596;275;126;1810;53;55;301;197;204;591;226;79;1706;3516
jun-17;2;2017;Jerlev;11;11;52;30;45;124;60;9;342;14;16;47;28;53;119;58;7;342;684
jun-17;2;2017;Landområde;306;312;1589;876;1456;3888;1296;199;9922;300;359;1549;1091;1577;4308;1528;290;11002;20924
jun-17;2;2017;Ny Højen;11;8;59;26;47;123;53;13;340;12;15;52;41;49;120;67;6;362;702
jun-17;2;2017;Nørup;8;13;48;35;52;126;54;23;359;7;17;48;35;70;111;70;7;365;724
jun-17;2;2017;Skibet;33;39;198;85;142;383;157;23;1060;32;34;229;82;124;368;143;26;1038;2098
jun-17;2;2017;Skærup;8;9;37;18;40;91;46;3;252;11;7;29;21;37;93;48;1;247;499
jun-17;2;2017;Smidstrup;9;13;63;28;76;122;38;33;382;14;12;79;34;69;144;42;15;409;791
jun-17;2;2017;Thyregod;23;27;98;55;103;215;91;42;654;21;27;97;63;134;237;90;31;700;1354
jun-17;2;2017;Vandel;11;17;58;42;70;133;53;15;399;16;13;59;30;74;138;62;13;405;804
jun-17;2;2017;Vejle;957;896;3468;3053;5329;9111;4238;1632;28684;992;942;3620;3068;5601;8790;3655;960;27628;56312
jun-17;2;2017;Vonge;16;7;43;26;58;94;42;15;301;13;10;29;27;69;109;44;8;309;610
jun-17;2;2017;Ødsted;20;28;118;46;127;241;108;28;716;27;40;121;57;109;251;102;21;728;1444
sep-17;3;2017;Andkær;5;6;21;13;31;64;10;4;154;8;4;29;11;24;66;18;3;163;317
sep-17;3;2017;Bredal;14;16;58;18;57;109;34;8;314;5;12;70;25;49;127;26;2;316;630
sep-17;3;2017;Bredsten;26;19;146;62;111;286;117;66;833;10;24;163;72;92;287;122;34;804;1637
sep-17;3;2017;Brejning;45;44;194;109;222;554;228;46;1442;52;56;242;118;234;531;250;42;1525;2967
sep-17;3;2017;Børkop;105;105;463;184;491;865;409;134;2756;118;160;521;194;420;843;338;91;2685;5441
sep-17;3;2017;Egtved;40;27;142;74;167;366;231;143;1190;32;40;154;103;172;392;213;78;1184;2374
sep-17;3;2017;Gadbjerg;19;17;68;22;54;125;51;26;382;22;15;51;29;79;136;63;22;417;799
sep-17;3;2017;Give;66;66;288;165;331;777;474;247;2414;76;61;299;214;339;724;393;155;2261;4675
sep-17;3;2017;Givskud;9;11;33;27;48;94;48;17;287;14;14;38;21;59;112;49;17;324;611
sep-17;3;2017;Gravens/Ågård;16;17;97;42;75;246;95;41;629;18;17;131;68;86;241;102;20;683;1312
sep-17;3;2017;Grejs;18;24;101;41;86;181;80;15;546;21;21;114;52;74;176;64;17;539;1085
sep-17;3;2017;Gårslev;14;22;69;40;83;181;94;25;528;18;23;83;39;86;179;104;18;550;1078
sep-17;3;2017;Jelling;43;53;284;172;259;596;278;130;1815;56;55;305;191;212;594;229;82;1724;3539
sep-17;3;2017;Jerlev;11;9;50;31;46;123;58;8;336;13;16;49;23;51;121;59;5;337;673
sep-17;3;2017;Landområde;320;299;1583;874;1470;3882;1310;199;9937;295;360;1536;1055;1589;4312;1547;292;10986;20923
sep-17;3;2017;Ny Højen;11;5;58;29;46;124;55;12;340;11;17;50;38;46;125;67;6;360;700
sep-17;3;2017;Nørup;7;14;50;37;54;125;52;22;361;7;19;45;33;69;111;70;8;362;723
sep-17;3;2017;Skibet;33;38;196;77;141;386;156;23;1050;34;34;227;80;126;365;146;26;1038;2088
sep-17;3;2017;Skærup;5;12;38;16;41;89;48;3;252;10;9;30;19;34;95;48;2;247;499
sep-17;3;2017;Smidstrup;10;11;66;26;76;124;40;29;382;10;11;80;33;63;146;40;14;397;779
sep-17;3;2017;Thyregod;23;26;102;57;111;218;95;44;676;22;25;97;68;135;242;90;31;710;1386
sep-17;3;2017;Vandel;10;18;58;40;68;134;55;15;398;15;15;57;31;71;141;62;13;405;803
sep-17;3;2017;Vejle;958;903;3482;3051;5348;9119;4246;1658;28765;999;945;3632;3102;5634;8844;3675;956;27787;56552
sep-17;3;2017;Vonge;16;9;43;24;57;93;44;16;302;12;10;32;28;65;113;42;8;310;612
sep-17;3;2017;Ødsted;23;22;115;46;130;242;109;29;716;30;38;121;54;113;248;104;20;728;1444
dec-17;4;2017;Andkær;7;6;20;11;32;60;11;4;151;8;4;28;11;24;65;16;4;160;311
dec-17;4;2017;Bredal;12;19;59;18;57;110;31;8;314;5;12;70;24;43;130;26;2;312;626
dec-17;4;2017;Bredsten;22;19;146;63;107;293;118;66;834;12;21;161;73;88;292;124;35;806;1640
dec-17;4;2017;Brejning;46;44;192;114;220;559;230;46;1451;50;52;241;114;236;535;248;43;1519;2970
dec-17;4;2017;Børkop;105;113;466;182;494;862;419;130;2771;114;160;527;195;418;853;345;93;2705;5476
dec-17;4;2017;Egtved;43;28;141;76;172;366;234;139;1199;35;37;153;102;184;390;210;81;1192;2391
dec-17;4;2017;Gadbjerg;18;17;67;22;53;127;54;24;382;21;15;53;32;73;138;64;23;419;801
dec-17;4;2017;Give;67;65;291;169;329;769;469;252;2411;70;69;297;207;335;723;395;156;2252;4663
dec-17;4;2017;Givskud;11;12;30;26;46;94;52;17;288;13;17;34;22;59;112;50;17;324;612
dec-17;4;2017;Gravens/Ågård;15;18;96;48;75;248;97;42;639;21;17;132;76;87;241;101;23;698;1337
dec-17;4;2017;Grejs;22;25;99;40;86;182;79;16;549;22;22;105;54;78;176;65;16;538;1087
dec-17;4;2017;Gårslev;14;22;69;40;83;183;93;25;529;18;23;82;37;80;178;104;18;540;1069
dec-17;4;2017;Jelling;42;53;280;175;255;602;282;128;1817;52;54;300;196;212;599;226;80;1719;3536
dec-17;4;2017;Jerlev;12;10;49;25;48;122;58;6;330;12;14;49;23;53;120;57;5;333;663
dec-17;4;2017;Landområde;330;289;1583;906;1462;3884;1302;200;9956;292;345;1537;1055;1589;4309;1552;292;10971;20927
dec-17;4;2017;Ny Højen;14;5;54;27;46;123;54;12;335;6;17;50;37;45;124;67;6;352;687
dec-17;4;2017;Nørup;7;11;52;36;48;125;54;22;355;7;20;42;37;69;109;73;8;365;720
dec-17;4;2017;Skibet;31;41;191;76;148;384;158;23;1052;35;36;223;87;133;362;149;25;1050;2102
dec-17;4;2017;Skærup;8;12;39;15;43;88;50;3;258;10;10;30;18;32;95;49;2;246;504
dec-17;4;2017;Smidstrup;11;9;65;25;68;122;42;26;368;9;9;77;33;63;144;39;15;389;757
dec-17;4;2017;Thyregod;22;25;103;58;108;217;97;43;673;20;26;94;67;134;242;90;32;705;1378
dec-17;4;2017;Vandel;9;20;56;39;67;133;58;15;397;15;15;52;36;70;142;63;14;407;804
dec-17;4;2017;Vejle;977;877;3505;3099;5355;9123;4276;1684;28896;1014;942;3643;3120;5665;8853;3680;960;27877;56773
dec-17;4;2017;Vonge;14;9;44;20;55;93;45;14;294;10;10;30;28;62;114;40;8;302;596
dec-17;4;2017;Ødsted;23;22;114;51;127;242;109;28;716;27;41;125;57;114;241;105;19;729;1445
mar-18;1;2018;Andkær;6;6;17;12;30;61;11;4;147;10;4;29;9;23;62;16;4;157;304
mar-18;1;2018;Bredal;12;20;60;17;51;117;30;8;315;8;7;71;26;42;132;29;2;317;632
mar-18;1;2018;Bredsten;25;24;140;62;105;293;118;65;832;12;23;156;73;91;296;119;35;805;1637
mar-18;1;2018;Brejning;40;43;192;112;211;553;235;42;1428;43;53;236;118;240;537;243;43;1513;2941
mar-18;1;2018;Børkop;102;121;467;182;499;869;418;134;2792;115;154;537;196;422;868;349;96;2737;5529
mar-18;1;2018;Egtved;39;29;144;76;178;363;234;145;1208;40;35;154;97;195;385;213;81;1200;2408
mar-18;1;2018;Gadbjerg;16;17;69;24;56;126;56;25;389;19;17;50;30;73;142;66;21;418;807
mar-18;1;2018;Give;60;66;287;158;330;764;469;259;2393;65;71;297;203;333;713;401;161;2244;4637
mar-18;1;2018;Givskud;13;12;30;24;50;95;52;18;294;13;19;35;19;59;109;51;17;322;616
mar-18;1;2018;Gravens/Ågård;10;23;95;43;76;245;100;42;634;23;15;131;73;82;241;101;23;689;1323
mar-18;1;2018;Grejs;23;25;99;38;84;184;80;16;549;21;19;106;53;78;174;68;16;535;1084
mar-18;1;2018;Gårslev;20;23;70;40;85;182;95;25;540;22;18;86;34;81;179;104;18;542;1082
mar-18;1;2018;Jelling;38;56;273;171;252;601;286;129;1806;48;59;300;193;217;601;229;82;1729;3535
mar-18;1;2018;Jerlev;12;10;47;27;50;119;59;6;330;11;12;51;22;52;120;57;6;331;661
mar-18;1;2018;Landområde;321;288;1569;910;1453;3863;1319;201;9924;285;346;1536;1053;1560;4301;1562;296;10939;20863
mar-18;1;2018;Ny Højen;18;5;52;27;47;124;52;13;338;4;17;52;37;49;119;68;7;353;691
mar-18;1;2018;Nørup;7;10;49;35;47;124;52;22;346;6;17;41;34;68;105;71;9;351;697
mar-18;1;2018;Skibet;32;40;199;69;147;387;162;23;1059;34;39;216;90;136;365;146;28;1054;2113
mar-18;1;2018;Skærup;10;11;39;17;44;90;50;3;264;9;12;31;18;33;97;48;3;251;515
mar-18;1;2018;Smidstrup;11;8;63;26;70;119;46;26;369;12;9;74;35;58;149;40;16;393;762
mar-18;1;2018;Thyregod;24;26;106;53;111;226;93;46;685;19;26;98;65;133;247;90;31;709;1394
mar-18;1;2018;Vandel;10;18;56;34;67;127;60;14;386;13;15;49;38;69;139;63;14;400;786
mar-18;1;2018;Vejle;997;870;3500;3092;5385;9151;4303;1674;28972;1028;925;3628;3127;5658;8874;3689;962;27891;56863
mar-18;1;2018;Vonge;14;9;41;22;49;92;44;14;285;11;10;30;27;61;111;43;8;301;586
mar-18;1;2018;Ødsted;25;20;113;48;126;244;111;28;715;26;37;130;57;110;240;109;19;728;1443
jun-18;2;2018;Andkær;7;3;20;13;29;61;13;4;150;10;5;30;10;25;61;14;6;161;311
jun-18;2;2018;Bredal;13;19;62;18;47;125;28;8;320;9;6;72;24;44;132;26;3;316;636
jun-18;2;2018;Bredsten;26;25;138;64;108;289;120;66;836;16;22;157;75;88;294;119;35;806;1642
jun-18;2;2018;Brejning;42;47;194;112;220;550;233;45;1443;47;51;232;123;232;537;238;45;1505;2948
jun-18;2;2018;Børkop;100;115;463;181;496;883;425;137;2800;114;153;540;197;420;868;354;97;2743;5543
jun-18;2;2018;Egtved;39;25;145;75;173;365;237;146;1205;39;33;155;100;186;394;212;81;1200;2405
jun-18;2;2018;Gadbjerg;10;18;68;25;52;126;57;26;382;17;16;51;29;69;140;64;20;406;788
jun-18;2;2018;Give;59;66;285;167;324;763;465;263;2392;63;71;292;205;329;723;399;162;2244;4636
jun-18;2;2018;Givskud;13;9;28;22;51;96;53;18;290;12;14;36;20;52;113;49;18;314;604
jun-18;2;2018;Gravens/Ågård;13;22;96;44;75;246;100;44;640;23;16;128;74;81;242;102;22;688;1328
jun-18;2;2018;Grejs;24;26;99;37;84;183;80;15;548;22;21;102;53;81;174;69;15;537;1085
jun-18;2;2018;Gårslev;24;22;73;37;84;181;94;28;543;24;12;92;37;77;181;102;19;544;1087
jun-18;2;2018;Jelling;33;56;271;164;254;605;293;130;1806;51;58;294;198;215;602;233;83;1734;3540
jun-18;2;2018;Jerlev;14;9;48;30;47;121;59;5;333;12;12;54;24;48;125;56;7;338;671
jun-18;2;2018;Landområde;324;295;1548;914;1448;3889;1336;206;9960;295;347;1523;1052;1584;4306;1587;296;10990;20950
jun-18;2;2018;Ny Højen;18;5;52;32;48;125;51;12;343;9;15;53;37;52;119;68;7;360;703
jun-18;2;2018;Nørup;6;9;49;33;46;127;53;23;346;7;17;40;36;65;106;71;9;351;697
jun-18;2;2018;Skibet;31;40;198;71;143;392;157;27;1059;36;35;213;93;137;364;146;28;1052;2111
jun-18;2;2018;Skærup;12;9;41;15;44;91;49;2;263;9;14;31;15;34;98;48;3;252;515
jun-18;2;2018;Smidstrup;9;8;66;26;70;117;46;24;366;13;9;74;32;57;151;41;16;393;759
jun-18;2;2018;Thyregod;22;30;101;59;108;224;95;43;682;19;27;95;62;138;243;98;29;711;1393
jun-18;2;2018;Vandel;9;12;62;31;66;129;59;13;381;12;14;50;41;63;144;61;13;398;779
jun-18;2;2018;Vejle;1019;849;3525;3089;5356;9187;4335;1670;29030;1017;954;3608;3150;5686;8909;3711;972;28007;57037
jun-18;2;2018;Vonge;13;12;37;26;47;92;45;14;286;10;11;29;25;67;108;45;7;302;588
jun-18;2;2018;Ødsted;25;24;115;50;121;248;110;28;721;26;36;135;55;112;243;108;19;734;1455
sep-18;3;2018;Andkær;7;3;19;11;31;59;15;4;149;9;5;30;8;26;62;13;7;160;309
sep-18;3;2018;Bredal;12;17;64;21;50;124;26;10;324;10;4;76;25;43;134;28;3;323;647
sep-18;3;2018;Bredsten;27;25;137;60;107;289;123;63;831;16;22;158;68;88;296;120;35;803;1634
sep-18;3;2018;Brejning;43;53;188;119;223;552;233;48;1459;54;51;229;125;236;535;239;45;1514;2973
sep-18;3;2018;Børkop;98;121;464;177;502;887;430;139;2818;125;148;546;205;426;871;357;99;2777;5595
sep-18;3;2018;Egtved;35;30;141;71;175;362;234;148;1196;41;28;157;100;183;384;210;80;1183;2379
sep-18;3;2018;Gadbjerg;9;20;67;25;52;129;58;25;385;16;17;55;31;72;142;64;19;416;801
sep-18;3;2018;Give;59;58;286;167;328;761;462;262;2383;67;73;298;202;330;730;399;164;2263;4646
sep-18;3;2018;Givskud;17;8;28;24;49;96;53;17;292;13;14;34;23;54;114;47;19;318;610
sep-18;3;2018;Gravens/Ågård;15;20;102;43;75;246;105;45;651;23;18;128;75;77;241;105;22;689;1340
sep-18;3;2018;Grejs;24;24;99;34;81;185;81;15;543;25;21;105;54;78;173;71;15;542;1085
sep-18;3;2018;Gårslev;22;20;78;32;82;181;95;26;536;23;17;91;35;74;183;104;20;547;1083
sep-18;3;2018;Jelling;33;57;261;171;240;608;292;128;1790;49;56;291;195;206;592;240;80;1709;3499
sep-18;3;2018;Jerlev;16;8;51;26;47;119;59;6;332;10;11;52;26;45;131;56;7;338;670
sep-18;3;2018;Landområde;322;295;1554;868;1456;3907;1338;212;9952;311;326;1515;1045;1582;4323;1583;301;10986;20938
sep-18;3;2018;Ny Højen;17;6;53;30;50;127;52;12;347;9;15;55;34;54;117;69;7;360;707
sep-18;3;2018;Nørup;7;8;50;28;45;128;52;24;342;6;17;39;34;64;108;69;12;349;691
sep-18;3;2018;Skibet;34;35;204;68;146;398;156;29;1070;40;37;213;94;141;364;147;30;1066;2136
sep-18;3;2018;Skærup;16;9;40;15;42;91;48;2;263;10;11;33;16;33;101;48;3;255;518
sep-18;3;2018;Smidstrup;11;8;66;25;71;117;45;23;366;15;14;75;31;61;148;38;17;399;765
sep-18;3;2018;Thyregod;21;31;101;60;114;224;95;47;693;20;30;90;64;133;247;100;28;712;1405
sep-18;3;2018;Vandel;9;11;64;31;66;127;59;13;380;10;15;50;41;63;139;63;14;395;775
sep-18;3;2018;Vejle;1027;853;3529;2999;5406;9187;4367;1676;29044;1024;941;3631;3119;5722;8937;3723;974;28071;57115
sep-18;3;2018;Vonge;13;14;40;22;53;86;50;14;292;12;11;27;26;69;110;46;7;308;600
sep-18;3;2018;Ødsted;26;22;117;50;125;243;117;28;728;28;36;139;54;109;247;105;20;738;1466
